sequence	charge	ascesions	score
ASAGLLGAHAAAITAYALTLTK	2	sp|P0C0L4|CO4A_HUMAN;sp|P0C0L5|CO4B_HUMAN	64.379234
NFVASHIANILNSEELDIQDLK	2	sp|P04114|APOB_HUMAN	59.591156
VPVDPATYGQFYGGDSYIILYNYR	2	sp|P06396|GELS_HUMAN	57.584576
HELTEISNVDVETQSGK	2	sp|Q09666|AHNK_HUMAN	57.034916
HTDNVIQWLNAMDEIGLPK	2	sp|P46940|IQGA1_HUMAN	56.67675
HAQAVEELTEQLEQFK	2	sp|P35749|MYH11_HUMAN	56.60091
GPGLGSTQGQTIALPAQGLIEFR	2	sp|Q00577|PURA_HUMAN	56.378532
HGVQELEIELQSQLSK	2	sp|P35527|K1C9_HUMAN	56.159824
STQDTVIALDALSAYWIASHTTEER	2	sp|P0C0L4|CO4A_HUMAN;sp|P0C0L5|CO4B_HUMAN	55.485054
IPGISSTGVGDGGNELGMGK	2	sp|Q7Z3D6|GLUCM_HUMAN	54.847004
NVSTGDVNVEMNAAPGVDLTQLLNNMR	2	sp|P13645|K1C10_HUMAN	54.433
NLVWNAGALHYSDEVEIIQGLTR	2	sp|P12109|CO6A1_HUMAN	54.019253
GPHVDVSGPDIDIEGPEGK	2	sp|Q09666|AHNK_HUMAN	53.81781
NPAVQAGSIVVLQGGEETQR	2	sp|P12955|PEPD_HUMAN	53.14953
GQDLGQAVLDAGHSVSTLEK	2	sp|O15230|LAMA5_HUMAN	51.777657
VIPAADLSEQISTAGTEASGTGNMK	2	sp|P11217|PYGM_HUMAN	51.33639
AFAIDDTGTFQVIVVPSGADYIPALER	2	sp|A6NMZ7|CO6A6_HUMAN	50.98763
YPSLSLHGIEGAFSGSGAK	2	sp|Q96KP4|CNDP2_HUMAN	50.765984
NQILNLTTDNANILLQIDNAR	2	sp|P13645|K1C10_HUMAN	50.652084
ADIDVSGPSVDTDAPDLDIEGPEGK	2	sp|Q09666|AHNK_HUMAN	50.570423
